id_cl,nom,prenom,telephone,email,adresse,num_a,num_b
201,Celler,Rozanne,134-254-1814,rceller0@edublogs.org,5307 Saint Paul Drive,1,1
202,Linton,Latia,530-958-3313,llinton1@liveinternet.ru,2 Sheridan Way,3,1
203,Vedmore,Verne,486-282-6663,vvedmore2@over-blog.com,76793 Sugar Point,4,1
204,Lewing,Fergus,757-848-8062,flewing3@wiley.com,23 Waubesa Way,4,1
205,De Fries,Trisha,251-258-0232,tdefries4@mlb.com,41 Barnett Parkway,4,1
206,Fittis,Karlan,822-323-0780,kfittis5@e-recht24.de,17801 Thompson Parkway,5,1
207,Witcombe,Davina,137-301-3605,dwitcombe6@creativecommons.org,54510 Iowa Alley,4,1
208,Rosten,Kessia,959-908-0113,krosten7@indiegogo.com,54 Kipling Alley,3,1
209,Whymark,Ronda,715-236-2884,rwhymark8@va.gov,7668 West Court,2,1
210,Soulsby,Bernelle,202-259-8644,bsoulsby9@istockphoto.com,8951 Calypso Hill,1,1
211,McGrady,Gerhardine,896-867-0639,gmcgradya@studiopress.com,9273 Lakeland Place,1,1
212,Scare,Ardys,883-347-0154,ascareb@phoca.cz,2285 Weeping Birch Point,1,1
213,Quade,Antoinette,122-689-6427,aquadec@xing.com,8527 Banding Lane,1,1
214,Blasius,Alaster,365-958-7944,ablasiusd@dropbox.com,9 American Circle,1,1
215,Stanluck,Donielle,814-382-9571,dstanlucke@usatoday.com,901 High Crossing Plaza,5,1
216,Fomichkin,Cissy,593-215-3661,cfomichkinf@statcounter.com,8 Bultman Pass,2,1
217,Sictornes,Morgan,325-994-1172,msictornesg@hp.com,9 Macpherson Pass,3,1
218,Taynton,Glen,418-178-8469,gtayntonh@smugmug.com,46250 Pierstorff Pass,2,1
219,Rouge,Torey,148-958-0918,trougei@shinystat.com,8 Buell Place,1,1
220,Kohnert,Katrinka,378-911-4885,kkohnertj@cisco.com,81 Upham Center,1,1
221,Ayliffe,Abner,927-108-4892,aayliffek@marketwatch.com,373 Shopko Center,5,1
222,Blackie,Robbert,787-935-8233,rblackiel@youtube.com,732 Beilfuss Park,5,1
223,Perkin,Lynnett,904-570-3034,lperkinm@cpanel.net,7 Lindbergh Court,2,1
224,Kann,Peterus,942-697-7284,pkannn@sourceforge.net,7669 Bayside Place,2,1
225,Drinkeld,Madelin,183-378-5766,mdrinkeldo@drupal.org,9068 Longview Junction,2,1
226,Jelleman,Bo,797-356-9661,bjellemanp@geocities.jp,72582 Clove Parkway,5,1
227,Yegorshin,Henrik,671-127-1796,hyegorshinq@pagesperso-orange.fr,47574 Bay Parkway,3,1
228,Awin,Lenka,786-545-7849,lawinr@noaa.gov,5 Thompson Lane,1,1
229,MacAirt,Sunny,890-235-8345,smacairts@edublogs.org,5 Kropf Center,5,1
230,Pietroni,Randie,624-637-3218,rpietronit@redcross.org,38764 Eastwood Street,2,1
231,Gavagan,Diarmid,479-983-8597,dgavaganu@nyu.edu,9 Hayes Circle,3,1
232,Beaney,Jessey,681-486-8737,jbeaneyv@moonfruit.com,3 Rusk Drive,5,1
233,Beades,Crysta,133-981-5528,cbeadesw@washingtonpost.com,1 Scofield Hill,4,1
234,Rizzetti,Gustavus,385-121-7255,grizzettix@rambler.ru,527 Barby Plaza,3,1
235,Chisholm,Helen,276-231-4647,hchisholmy@4shared.com,2046 Meadow Vale Crossing,1,1
236,Spur,Ellen,882-729-1458,espurz@seattletimes.com,2291 Kinsman Trail,1,1
237,Daddow,Diann,583-559-7120,ddaddow10@mit.edu,0209 Riverside Road,3,1
238,Harbinson,Lucas,478-777-9589,lharbinson11@mac.com,44751 Burning Wood Trail,3,1
239,Bednall,Scotty,288-819-4748,sbednall12@bbb.org,44253 Hoepker Street,2,1
240,Goodreid,Duke,275-558-2751,dgoodreid13@ovh.net,1000 Burrows Circle,1,1
241,Harland,Egbert,434-227-8232,eharland14@artisteer.com,9 Daystar Trail,1,1
242,Twycross,Felecia,734-579-7011,ftwycross15@unicef.org,497 Starling Terrace,3,1
243,Giblett,Prisca,944-877-8151,pgiblett16@google.fr,68848 Sauthoff Crossing,3,1
244,Yonnie,Mia,255-437-0964,myonnie17@creativecommons.org,36 New Castle Park,2,1
245,Michallat,Ilsa,531-683-1470,imichallat18@uiuc.edu,3930 Gulseth Trail,3,1
246,Bulled,Lemmy,324-440-4205,lbulled19@dailymail.co.uk,0623 Talmadge Alley,2,1
247,Zamorano,Daveta,919-430-1817,dzamorano1a@irs.gov,95 Towne Park,2,1
248,Huff,Archy,840-144-0754,ahuff1b@hud.gov,0 Bunting Plaza,1,1
249,Whitcher,Babbie,360-305-3277,bwhitcher1c@fema.gov,1272 Mayer Avenue,4,1
250,Milsap,Liza,458-513-4463,lmilsap1d@ehow.com,282 Esker Hill,1,1
251,Tiley,Abbye,279-307-7903,atiley1e@jigsy.com,54 Oxford Junction,4,1
252,Worsley,Carole,762-750-5706,cworsley1f@spiegel.de,7 Clyde Gallagher Crossing,3,1
253,Harkes,Glenda,898-574-0789,gharkes1g@wordpress.org,04130 Lukken Place,2,1
254,Broadstock,Ciro,556-332-0348,cbroadstock1h@xinhuanet.com,80 Menomonie Junction,5,1
255,Bisson,Shanda,775-948-6877,sbisson1i@imageshack.us,235 Dawn Park,5,1
256,McGivena,Boniface,216-189-5092,bmcgivena1j@google.co.jp,1652 Homewood Crossing,3,1
257,Roddell,Claudelle,832-684-2297,croddell1k@gov.uk,06414 8th Park,5,1
258,Fewings,Jacquelynn,938-995-1095,jfewings1l@indiegogo.com,4 Ruskin Park,3,1
259,Jarvis,Buddie,103-856-5915,bjarvis1m@yolasite.com,3762 John Wall Parkway,4,1
260,Skudder,Marlo,703-816-4883,mskudder1n@independent.co.uk,2 Meadow Ridge Plaza,2,1
261,O'Gormley,Harman,787-558-8011,hogormley1o@webmd.com,2 Summer Ridge Point,3,1
262,Mereweather,Melicent,419-879-4158,mmereweather1p@linkedin.com,824 Sachs Crossing,3,1
263,Sawl,Greer,688-872-7224,gsawl1q@engadget.com,905 Sloan Circle,1,1
264,Pinilla,Jacki,251-825-0171,jpinilla1r@mtv.com,246 Pepper Wood Lane,2,1
265,MacLleese,Kris,570-356-1306,kmaclleese1s@multiply.com,0699 Ronald Regan Park,5,1
266,Frier,Bronny,742-113-7718,bfrier1t@barnesandnoble.com,2777 Pankratz Trail,4,1
267,Eymer,Nicole,904-897-6359,neymer1u@jigsy.com,2 Reinke Circle,1,1
268,Quilligan,Kliment,551-998-2600,kquilligan1v@usnews.com,3 Nova Street,2,1
269,Pietzner,Cullan,185-820-2864,cpietzner1w@lulu.com,4760 Arizona Way,3,1
270,Daborne,Orlan,140-403-4126,odaborne1x@is.gd,3 Clemons Drive,2,1
271,Gromley,Giorgio,716-989-8807,ggromley1y@cargocollective.com,56009 Eastwood Junction,2,1
272,Vinas,Dalis,863-197-7328,dvinas1z@goodreads.com,34 John Wall Point,4,1
273,Carletto,Kaine,288-555-9679,kcarletto20@csmonitor.com,8103 Corry Circle,1,1
274,Wiggett,Blinni,237-568-5343,bwiggett21@ocn.ne.jp,3 Lakeland Street,1,1
275,Tizard,Nelli,931-521-5194,ntizard22@dion.ne.jp,25932 Trailsway Junction,2,1
276,Spensley,Edin,690-240-9573,espensley23@lycos.com,26 Derek Lane,3,1
277,Norcutt,Gerladina,131-491-4582,gnorcutt24@blogspot.com,3585 Memorial Circle,1,1
278,Tireman,Clerkclaude,288-328-0375,ctireman25@friendfeed.com,35585 Carioca Crossing,1,1
279,Mussett,Hillery,790-982-3716,hmussett26@etsy.com,5 Maryland Point,4,1
280,Dripp,Linus,829-373-5047,ldripp27@imageshack.us,5515 Bunker Hill Court,2,1
281,Egleton,Talbot,874-488-8328,tegleton28@sakura.ne.jp,997 Sloan Center,4,1
282,McGilbon,Ilise,380-938-2321,imcgilbon29@forbes.com,6 Northridge Terrace,2,1
283,King,Celisse,484-679-8798,cking2a@list-manage.com,62 Gerald Parkway,1,1
284,Ragge,Margarethe,385-705-5645,mragge2b@pen.io,666 Kingsford Circle,1,1
285,MacPaike,Boyd,919-796-9359,bmacpaike2c@house.gov,6 Schlimgen Place,1,1
286,Naden,Danette,291-815-4796,dnaden2d@state.tx.us,3 Algoma Center,4,1
287,Phelit,Myrtle,300-910-9825,mphelit2e@discovery.com,4 Lotheville Lane,3,1
288,Lanon,Roselia,402-194-6161,rlanon2f@businessweek.com,42 Forest Run Point,2,1
289,Boydle,Caitlin,439-420-7990,cboydle2g@tripadvisor.com,3636 Ruskin Way,4,1
290,Sanpere,Barbabra,381-117-0571,bsanpere2h@sohu.com,7 Monument Terrace,5,1
291,Dominka,Langston,310-474-0486,ldominka2i@imgur.com,475 Lien Crossing,1,1
292,Vere,Denver,320-490-4965,dvere2j@cam.ac.uk,1597 Dovetail Pass,2,1
293,Sirmond,Berkeley,443-790-6219,bsirmond2k@about.me,6 Reindahl Drive,5,1
294,Nisuis,Evangeline,982-641-7000,enisuis2l@yandex.ru,6 Vahlen Road,3,1
295,Leney,Patrizius,783-822-4193,pleney2m@weebly.com,4585 Division Center,2,1
296,Lancett,Ephraim,693-270-8606,elancett2n@wunderground.com,9287 Roth Lane,1,1
297,Duny,Edyth,434-851-5405,eduny2o@sogou.com,593 Vahlen Drive,1,1
298,Hegden,Kennett,574-445-2779,khegden2p@posterous.com,82 Bartillon Hill,3,1
299,Herries,Lorette,328-797-0427,lherries2q@latimes.com,0750 Bay Road,1,1
300,Beetham,Alfonso,636-878-9346,abeetham2r@vk.com,0 Harbort Point,1,1
301,Ciccetti,Angil,956-285-4784,aciccetti2s@dailymail.co.uk,1 Brickson Park Trail,2,1
302,Eccleston,Derry,933-329-6587,deccleston2t@google.co.jp,00002 North Trail,1,1
303,Nials,Shalne,820-270-5157,snials2u@yandex.ru,0841 Red Cloud Street,5,1
304,Stother,Parker,532-531-6678,pstother2v@state.tx.us,58895 Merchant Road,4,1
305,Boschmann,Cristine,728-411-0181,cboschmann2w@live.com,7 Rockefeller Crossing,2,1
306,Scoines,Blanch,103-594-1172,bscoines2x@prlog.org,193 Veith Court,1,1
307,Fee,Heidi,174-921-6062,hfee2y@g.co,8 Bultman Center,4,1
308,Thurgood,Harriette,626-767-3984,hthurgood2z@globo.com,4995 Lindbergh Drive,4,1
309,Schukert,Bear,330-860-5317,bschukert30@amazonaws.com,3944 Delladonna Trail,2,1
310,Derbyshire,Brandise,134-428-1199,bderbyshire31@sbwire.com,03249 Old Shore Plaza,3,1
311,Sivewright,Kinsley,257-985-5877,ksivewright32@nyu.edu,4 Vera Parkway,5,1
312,Dwight,Pacorro,802-559-7605,pdwight33@networksolutions.com,61 Scofield Point,2,1
313,MacRedmond,Peter,945-791-5755,pmacredmond34@dailymotion.com,1526 Twin Pines Plaza,1,1
314,Hardaker,Pamelina,565-572-5252,phardaker35@reverbnation.com,17 Raven Hill,4,1
315,Tummond,Barbara-anne,469-266-2103,btummond36@un.org,1209 Kropf Street,3,1
316,Veitch,Gabriel,753-598-4312,gveitch37@csmonitor.com,718 Redwing Crossing,4,1
317,Rigts,Manon,597-913-3132,mrigts38@cnet.com,67506 Talmadge Avenue,3,1
318,Whyman,Nicoline,153-479-5283,nwhyman39@google.it,4776 High Crossing Hill,4,1
319,Matusov,Odie,832-879-1271,omatusov3a@state.tx.us,373 Del Sol Center,2,1
320,Gillfillan,Gardiner,456-319-1146,ggillfillan3b@home.pl,02 Ilene Way,4,1
321,Cornely,Odille,576-616-0061,ocornely3c@wordpress.com,55076 Hudson Parkway,4,1
322,Ceney,De witt,499-619-2766,dceney3d@kickstarter.com,7 Service Crossing,4,1
323,Gerholz,Caria,602-364-8976,cgerholz3e@irs.gov,5 American Ash Point,1,1
324,Corthes,Donica,750-812-0909,dcorthes3f@ustream.tv,3 Fieldstone Road,4,1
325,Jantzen,Cassie,969-435-5190,cjantzen3g@salon.com,5226 Gina Crossing,4,1
326,Weddeburn,Olenka,202-123-4036,oweddeburn3h@wired.com,8 Badeau Lane,3,1
327,Pellett,Shandra,992-168-7102,spellett3i@surveymonkey.com,9376 Straubel Hill,2,1
328,Rogan,Eachelle,554-349-8763,erogan3j@berkeley.edu,26009 Straubel Pass,2,1
329,Clemmett,Teresa,494-495-6641,tclemmett3k@purevolume.com,1 Hovde Street,5,1
330,Bartoszewski,Alden,421-547-3126,abartoszewski3l@hud.gov,800 Loftsgordon Circle,3,1
331,Harriskine,Jewel,664-963-6104,jharriskine3m@chron.com,8 Lighthouse Bay Junction,3,1
332,Yarrall,Elmore,591-887-0363,eyarrall3n@cnn.com,10 Shelley Park,4,1
333,Barde,Euphemia,630-688-4449,ebarde3o@sphinn.com,5103 Schlimgen Circle,5,1
334,Bezemer,Shaylyn,612-807-6567,sbezemer3p@google.nl,4 Daystar Junction,1,1
335,Parmer,Petunia,347-593-6875,pparmer3q@ifeng.com,0 Pepper Wood Circle,2,1
336,Mosley,Jay,815-500-1197,jmosley3r@sciencedaily.com,86 Charing Cross Parkway,5,1
337,Paulson,Osborne,496-504-5298,opaulson3s@chronoengine.com,461 Ohio Lane,4,1
338,Sima,Ricky,269-965-1936,rsima3t@sohu.com,06 Vidon Park,4,1
339,Luff,Currey,946-298-6352,cluff3u@storify.com,49 Hayes Trail,3,1
340,Donovan,Kelley,781-213-7259,kdonovan3v@upenn.edu,730 Bonner Center,1,1
341,Byram,Jeniece,284-881-9115,jbyram3w@patch.com,66 Texas Circle,3,1
342,Spenton,Christa,658-115-1831,cspenton3x@skype.com,9 Lawn Junction,3,1
343,Hollingsbee,Clarke,250-123-8427,chollingsbee3y@ucoz.ru,8 Lyons Street,5,1
344,MacKnockiter,Marge,940-765-2061,mmacknockiter3z@gmpg.org,8983 Schmedeman Lane,5,1
345,Robins,Angelita,569-183-6823,arobins40@seesaa.net,1 Bobwhite Junction,3,1
346,Gowanlock,Malcolm,941-789-0061,mgowanlock41@freewebs.com,6853 Hoard Point,4,1
347,Vermer,Starla,320-505-4203,svermer42@ucoz.ru,7 Lukken Alley,2,1
348,Ivankin,Hildegaard,962-896-5071,hivankin43@hhs.gov,525 Superior Crossing,2,1
349,Cramb,Lotty,561-741-5700,lcramb44@cafepress.com,699 Kingsford Crossing,1,1
350,Myring,Roderic,332-896-1218,rmyring45@sogou.com,56665 Claremont Park,4,1
351,Sorbey,Sebastiano,189-806-4757,ssorbey46@irs.gov,768 Kings Way,3,1
352,Brun,Eudora,423-970-3573,ebrun47@loc.gov,568 Continental Alley,4,1
353,Loachhead,Konstanze,731-867-0328,kloachhead48@ebay.com,7 Pankratz Crossing,3,1
354,Bloor,Jean,642-114-3756,jbloor49@acquirethisname.com,2623 Larry Avenue,2,1
355,Glewe,Phil,240-913-0894,pglewe4a@discuz.net,6919 Melvin Way,5,1
356,Ferns,Giorgia,829-550-3223,gferns4b@domainmarket.com,229 Pond Parkway,2,1
357,Prigg,Marcy,301-296-2757,mprigg4c@reverbnation.com,94847 Fallview Park,3,1
358,Strick,Yvette,550-717-8570,ystrick4d@samsung.com,963 Bartillon Lane,5,1
359,Jeandet,Eddie,271-625-8113,ejeandet4e@noaa.gov,68 Loeprich Plaza,5,1
360,Barthelemy,Cosetta,329-558-2008,cbarthelemy4f@unc.edu,3 Morning Court,4,1
361,Lilleman,Lotti,315-133-2790,llilleman4g@uol.com.br,645 Miller Drive,2,1
362,Melbourne,Willie,600-713-0048,wmelbourne4h@abc.net.au,0 Westend Circle,1,1
363,Cubbinelli,Addison,445-346-8084,acubbinelli4i@amazon.com,3507 Lukken Avenue,5,1
364,Cosgrove,Darrin,153-569-8678,dcosgrove4j@uol.com.br,64 International Center,4,1
365,Dobbie,Reid,643-504-8182,rdobbie4k@vistaprint.com,6450 Michigan Circle,4,1
366,Suddell,Cecily,409-302-3366,csuddell4l@pcworld.com,87 Esker Pass,2,1
367,Hirsthouse,Loreen,493-461-6856,lhirsthouse4m@arstechnica.com,94 Hintze Way,2,1
368,Fowler,Dillon,472-369-2673,dfowler4n@themeforest.net,5 Eggendart Avenue,4,1
369,Benge,Kennie,421-559-1121,kbenge4o@slashdot.org,102 Muir Court,4,1
370,Akester,Caterina,965-110-1251,cakester4p@opensource.org,237 Maple Hill,1,1
371,Osment,Ravi,886-123-6918,rosment4q@barnesandnoble.com,85532 Bowman Plaza,3,1
372,Saylor,Cate,844-467-9558,csaylor4r@whitehouse.gov,52059 Mcguire Lane,3,1
373,Lowater,Angie,684-559-3114,alowater4s@hp.com,5 Goodland Place,4,1
374,Corro,Minnie,685-877-2433,mcorro4t@gizmodo.com,88579 Jay Trail,1,1
375,Burghall,Marielle,838-532-6834,mburghall4u@cloudflare.com,6 Morrow Lane,2,1
376,Caville,Nickolai,897-251-7978,ncaville4v@cpanel.net,5286 Dennis Drive,4,1
377,Idwal Evans,Hillary,973-544-2329,hidwalevans4w@freewebs.com,52 Toban Junction,4,1
378,Strickett,Packston,641-735-6726,pstrickett4x@dyndns.org,113 Bartelt Drive,3,1
379,Bedbury,Lionel,667-819-4440,lbedbury4y@sphinn.com,00437 Hovde Lane,3,1
380,Martynikhin,Wanda,231-326-4332,wmartynikhin4z@ameblo.jp,94132 Buena Vista Place,5,1
381,Bambrough,Clarisse,868-125-1636,cbambrough50@ftc.gov,334 Blue Bill Park Pass,2,1
382,Dakhno,Edita,434-887-1905,edakhno51@eventbrite.com,133 Carey Alley,3,1
383,Corney,Jeanine,727-494-1577,jcorney52@sciencedaily.com,28967 Straubel Hill,1,1
384,Moggie,Verna,329-191-1340,vmoggie53@cyberchimps.com,1684 Heath Alley,3,1
385,Sibly,Else,282-765-7268,esibly54@tripod.com,5240 Amoth Trail,4,1
386,Bolstridge,Hetty,892-771-3669,hbolstridge55@columbia.edu,920 Grover Trail,2,1
387,Burstow,Jaynell,128-991-0554,jburstow56@fda.gov,5798 Gale Point,1,1
388,Palomba,Claiborn,741-145-3301,cpalomba57@paypal.com,08 Reinke Hill,2,1
389,Jardin,Crista,598-108-2243,cjardin58@marriott.com,066 Continental Circle,1,1
390,Ivankin,Ancell,952-117-9123,aivankin59@noaa.gov,9 Russell Way,1,1
391,Culpin,Matty,787-386-9391,mculpin5a@google.fr,0 Canary Park,4,1
392,Jeaycock,Marjy,985-728-3494,mjeaycock5b@myspace.com,15555 Prairie Rose Road,2,1
393,Zipsell,Johnna,650-631-7642,jzipsell5c@chron.com,39485 5th Place,5,1
394,Benadette,Lauri,442-626-3454,lbenadette5d@amazon.de,730 Havey Street,1,1
395,Lafranconi,Ferrel,725-671-9979,flafranconi5e@mail.ru,1462 New Castle Point,2,1
396,Peele,Kelsi,408-863-3986,kpeele5f@posterous.com,387 Cordelia Junction,2,1
397,Georgievski,Malcolm,953-145-3897,mgeorgievski5g@hexun.com,17 Northfield Point,5,1
398,Pietzke,Cari,658-418-6379,cpietzke5h@blinklist.com,81505 Kennedy Plaza,4,1
399,Spalls,Eleonore,226-224-7556,espalls5i@sitemeter.com,146 Nobel Hill,3,1
400,Blowfelde,Francisca,361-741-8148,fblowfelde5j@list-manage.com,5 Porter Trail,2,1
401,Riatt,Barnett,659-597-2010,briatt5k@sitemeter.com,289 Kennedy Alley,1,1
402,McGiven,Ambrosius,810-358-5628,amcgiven5l@woothemes.com,55 Memorial Way,4,1
403,Ashwin,Jeralee,180-593-6120,jashwin5m@dion.ne.jp,919 Hanover Plaza,4,1
404,Harome,Vito,479-772-2038,vharome5n@psu.edu,438 Claremont Parkway,3,1
405,Pennrington,Sarita,178-497-6916,spennrington5o@technorati.com,63 Lukken Pass,1,1
406,Attridge,Marga,760-840-3025,mattridge5p@desdev.cn,96 Haas Point,5,1
407,Pigne,Franchot,586-153-8849,fpigne5q@ustream.tv,97058 Novick Drive,4,1
408,Bannard,Latrena,641-629-4325,lbannard5r@free.fr,64228 Little Fleur Parkway,1,1
409,MacColl,Basil,110-768-1878,bmaccoll5s@blogtalkradio.com,1 Maple Circle,3,1
410,Emmanuel,Hilary,319-459-8577,hemmanuel5t@slideshare.net,056 Anniversary Point,2,1
411,Bischoff,Ginger,574-996-5291,gbischoff5u@desdev.cn,80 Schlimgen Junction,5,1
412,Cannan,Sarena,590-416-0111,scannan5v@reuters.com,8268 Sherman Hill,3,1
413,Cadigan,Blane,157-285-6272,bcadigan5w@infoseek.co.jp,4 Roxbury Junction,2,1
414,Gheeraert,Celestyn,434-581-8089,cgheeraert5x@yahoo.com,588 Miller Drive,2,1
415,Titlow,Correy,359-498-9143,ctitlow5y@slashdot.org,14290 Jenna Trail,2,1
416,Muldownie,Chet,464-572-1074,cmuldownie5z@oaic.gov.au,939 Southridge Lane,3,1
417,Nossent,Jarrad,252-327-4254,jnossent60@cnbc.com,9 Ronald Regan Avenue,4,1
418,Daoust,Adolf,101-819-8227,adaoust61@msu.edu,90 Green Ridge Drive,2,1
419,Freak,Tamar,405-922-9790,tfreak62@google.ca,04 Southridge Plaza,2,1
420,Stubbert,Olav,342-847-8805,ostubbert63@earthlink.net,87 Shelley Point,4,1
421,Swayne,Leslie,123-249-4767,lswayne64@bizjournals.com,33 Boyd Road,3,1
422,Antonijevic,Ronny,528-232-1714,rantonijevic65@mapy.cz,02 Swallow Alley,1,1
423,Fleetham,Hugues,449-390-1372,hfleetham66@canalblog.com,03 Village Green Street,5,1
424,Checcuzzi,Shaina,459-950-7405,scheccuzzi67@va.gov,3778 Heffernan Road,1,1
425,Farfull,Aeriel,671-636-2452,afarfull68@rakuten.co.jp,0488 Village Green Avenue,1,1
426,Bone,Jesselyn,885-549-0844,jbone69@adobe.com,23595 Heffernan Crossing,5,1
427,O'Mohun,Penni,512-819-1213,pomohun6a@irs.gov,926 Laurel Lane,2,1
428,Sarson,Addie,568-244-6652,asarson6b@phoca.cz,981 Autumn Leaf Street,3,1
429,Broxup,Hailee,955-732-2372,hbroxup6c@state.gov,264 Thackeray Street,1,1
430,Caen,Bary,479-605-0726,bcaen6d@flickr.com,8 6th Alley,5,1
431,Grasser,Janene,988-992-6532,jgrasser6e@cisco.com,68 Schurz Point,3,1
432,Sirrell,Walton,388-700-8816,wsirrell6f@soup.io,849 Thackeray Center,5,1
433,Ogborne,Tome,800-454-9474,togborne6g@slate.com,68912 Hoard Pass,5,1
434,Dubarry,Beck,598-195-9124,bdubarry6h@mozilla.org,3505 Armistice Point,2,1
435,Thirwell,Ambrosio,770-313-6878,athirwell6i@drupal.org,4151 Ilene Center,1,1
436,Duiged,Leoline,311-525-3187,lduiged6j@army.mil,63 Kenwood Center,3,1
437,Behagg,Mara,386-497-0964,mbehagg6k@alexa.com,47864 Donald Terrace,5,1
438,Gasken,Malvina,305-256-8480,mgasken6l@reddit.com,310 Johnson Hill,2,1
439,Lain,Cosme,540-111-8173,clain6m@webeden.co.uk,30 Daystar Lane,5,1
440,Gueste,Mirilla,233-278-4962,mgueste6n@yellowbook.com,643 Del Sol Place,3,1
441,Bourtoumieux,Alfonso,463-950-2971,abourtoumieux6o@uiuc.edu,686 Nova Center,3,1
442,Critchell,Davin,837-715-0498,dcritchell6p@ed.gov,60 Almo Lane,2,1
443,Stoffers,Constance,997-530-1228,cstoffers6q@illinois.edu,11567 8th Parkway,2,1
444,Lower,Matthieu,607-138-9194,mlower6r@foxnews.com,8700 Maple Wood Parkway,5,1
445,Beer,Merill,216-341-2078,mbeer6s@constantcontact.com,67 Hovde Parkway,2,1
446,Follen,Gannon,846-912-9344,gfollen6t@e-recht24.de,292 Pearson Avenue,4,1
447,Barneville,Anderson,263-183-6091,abarneville6u@tamu.edu,9 Chinook Plaza,4,1
448,Rodenhurst,Allys,333-335-6965,arodenhurst6v@ustream.tv,09 Lakewood Gardens Alley,4,1
449,Solloway,Zak,445-368-3780,zsolloway6w@linkedin.com,96651 High Crossing Lane,1,1
450,Shoard,Nathalie,995-755-0876,nshoard6x@tinyurl.com,98 Mayfield Street,5,1
451,Walls,Gerry,315-548-9384,gwalls6y@dmoz.org,4587 Susan Hill,1,1
452,Lankham,Ellis,761-374-3428,elankham6z@sina.com.cn,7037 Welch Parkway,1,1
453,Mulryan,Gerianna,807-256-7012,gmulryan70@nasa.gov,9362 Erie Plaza,1,1
454,Gulc,Nikolia,729-806-8854,ngulc71@uiuc.edu,7 Rutledge Park,5,1
455,Strick,Gillan,850-781-1196,gstrick72@macromedia.com,8 Prentice Place,3,1
456,Nears,Mort,893-646-8292,mnears73@jigsy.com,8424 Pine View Road,1,1
457,Turrell,Wylma,251-349-1064,wturrell74@gov.uk,063 Melody Way,2,1
458,Pickerin,Gill,740-714-1154,gpickerin75@aol.com,46 Clemons Circle,1,1
459,Meric,Wallie,660-472-7122,wmeric76@tiny.cc,8 Logan Trail,1,1
460,Strong,Langston,996-169-5009,lstrong77@is.gd,758 Pennsylvania Trail,5,1
461,Kirkham,Coralyn,606-616-5874,ckirkham78@cmu.edu,8 Springs Hill,1,1
462,Sharvell,Dasie,765-511-4739,dsharvell79@nih.gov,81674 Lighthouse Bay Way,2,1
463,Durtnell,Pauly,805-704-3157,pdurtnell7a@ifeng.com,6 American Ash Street,3,1
464,Mower,Hastings,223-734-0504,hmower7b@t.co,4 Artisan Crossing,2,1
465,Peschke,Gwendolyn,638-854-1373,gpeschke7c@senate.gov,1 Superior Lane,3,1
466,Avramovich,Marcel,180-129-4600,mavramovich7d@webs.com,0 Mayer Way,4,1
467,Van Arsdall,Theodor,238-636-4070,tvanarsdall7e@businesswire.com,108 Jay Crossing,4,1
468,Creek,Burke,720-764-1015,bcreek7f@desdev.cn,0665 Caliangt Alley,5,1
469,Grinikhin,Sherilyn,813-295-5780,sgrinikhin7g@flickr.com,608 Montana Road,4,1
470,Camoys,Elita,355-458-2854,ecamoys7h@jiathis.com,87 Superior Alley,4,1
471,Surgener,Janis,769-533-4357,jsurgener7i@va.gov,2641 Waubesa Terrace,3,1
472,Cloake,Ferdie,209-561-0446,fcloake7j@uiuc.edu,4 Knutson Hill,2,1
473,Branston,Hamish,424-231-2683,hbranston7k@github.io,3 Cordelia Junction,4,1
474,Halt,Joye,117-628-5231,jhalt7l@printfriendly.com,179 Pepper Wood Drive,1,1
475,Demougeot,Tracy,751-867-1759,tdemougeot7m@last.fm,8 Sundown Alley,5,1
476,Whitehead,Ondrea,840-608-2348,owhitehead7n@ycombinator.com,548 Lukken Trail,5,1
477,Boshers,Bernhard,280-441-7420,bboshers7o@google.ru,6393 Rowland Pass,2,1
478,Gossage,Nicolais,817-777-5842,ngossage7p@nydailynews.com,73098 Lyons Terrace,1,1
479,Kivits,Kailey,224-722-4598,kkivits7q@cbsnews.com,416 Butterfield Park,4,1
480,Roskrug,Michaelina,604-870-7378,mroskrug7r@intel.com,71160 Sauthoff Hill,5,1
481,Murkitt,Hebert,467-855-8300,hmurkitt7s@jimdo.com,2 Haas Street,4,1
482,Kisting,Jannelle,996-333-1985,jkisting7t@squidoo.com,9 Scoville Center,3,1
483,Ibbs,Stacie,192-223-4765,sibbs7u@hud.gov,54 Kensington Crossing,1,1
484,MacPeice,Kyle,313-367-2783,kmacpeice7v@t.co,772 Golf View Way,2,1
485,Fripps,Lem,531-818-6948,lfripps7w@accuweather.com,4 Ruskin Way,3,1
486,Faherty,Sosanna,555-349-0624,sfaherty7x@godaddy.com,02188 Columbus Way,4,1
487,Grandisson,Hughie,949-879-7227,hgrandisson7y@reuters.com,9 Park Meadow Court,2,1
488,Tribe,Margaux,410-658-6591,mtribe7z@engadget.com,130 Nevada Circle,1,1
489,Ebbers,Amaleta,438-197-6763,aebbers80@intel.com,7 Nelson Crossing,4,1
490,Leyden,Florenza,449-363-7067,fleyden81@gravatar.com,77 Carioca Lane,5,1
491,Brettor,Olimpia,451-471-8021,obrettor82@canalblog.com,4 Riverside Park,4,1
492,Hands,Andie,900-306-7178,ahands83@vkontakte.ru,67 Schurz Point,4,1
493,Althrope,Gayler,690-572-2214,galthrope84@nbcnews.com,98 Farmco Pass,5,1
494,Kleynen,Constanta,445-587-4063,ckleynen85@aol.com,43 Paget Hill,5,1
495,Hedon,Ulrikaumeko,583-517-7967,uhedon86@scribd.com,935 Fuller Court,5,1
496,Warry,Feodora,301-287-5286,fwarry87@amazon.co.uk,10618 Merchant Road,1,1
497,Van der Velde,Sidonia,548-167-9924,svandervelde88@ustream.tv,0 Bunting Center,1,1
498,Tricker,Jarvis,114-713-3004,jtricker89@gnu.org,6 Sage Place,4,1
499,McCool,Rex,892-987-0870,rmccool8a@privacy.gov.au,42 Emmet Park,1,1
500,Mathou,Obed,754-667-4432,omathou8b@kickstarter.com,68857 Loomis Road,4,1
501,Lagde,Olivero,112-854-3883,olagde8c@auda.org.au,4 Summerview Park,2,1
502,Ahern,Joye,542-729-1476,jahern8d@gmpg.org,42 Alpine Center,2,1
503,McBrier,Jilli,100-955-4248,jmcbrier8e@kickstarter.com,45219 Messerschmidt Point,3,1
504,Skaif,Neils,318-887-5973,nskaif8f@amazon.com,0894 Johnson Terrace,4,1
505,Mettericke,Gertrude,796-205-8517,gmettericke8g@posterous.com,6125 Ridge Oak Trail,5,1
506,Silberschatz,Alvy,711-975-4587,asilberschatz8h@usda.gov,692 Larry Lane,4,1
507,MacCafferky,Brinn,339-996-4111,bmaccafferky8i@a8.net,83064 Manitowish Park,3,1
508,Whitefoot,Kara,501-282-9556,kwhitefoot8j@google.co.jp,77 School Court,4,1
509,Parradine,Solomon,611-195-4688,sparradine8k@businesswire.com,851 Mifflin Alley,3,1
510,Khomishin,Phillida,784-809-9311,pkhomishin8l@gov.uk,6556 Talisman Avenue,4,1
511,Cherrett,Tab,496-326-8298,tcherrett8m@merriam-webster.com,230 Sachs Lane,5,1
512,Vogl,Elissa,679-979-7573,evogl8n@msu.edu,414 Colorado Lane,3,1
513,Mathouse,Payton,442-284-5244,pmathouse8o@paginegialle.it,2 Canary Junction,2,1
514,Stranahan,Bernhard,204-500-6571,bstranahan8p@sfgate.com,0 Forest Dale Lane,5,1
515,Callacher,Carrol,772-338-3110,ccallacher8q@mapy.cz,15257 Atwood Park,4,1
516,Kenelin,Sanford,596-592-1500,skenelin8r@cmu.edu,041 Golden Leaf Plaza,2,1
517,Riccetti,Saul,225-833-7982,sriccetti8s@pinterest.com,5 Jay Place,4,1
518,Moatt,Honey,380-718-5472,hmoatt8t@jimdo.com,47777 Roxbury Lane,2,1
519,Tournie,Ofella,325-934-4176,otournie8u@tripod.com,181 Loftsgordon Circle,2,1
520,Jaggard,Julienne,358-642-6993,jjaggard8v@barnesandnoble.com,888 Texas Parkway,5,1
521,Elwell,Julian,299-736-5656,jelwell8w@columbia.edu,439 Heath Drive,5,1
522,Bohl,Wildon,169-471-6080,wbohl8x@pbs.org,9 Esch Street,5,1
523,Demke,Ashly,524-511-5667,ademke8y@technorati.com,6 Kedzie Alley,3,1
524,Barlace,Dag,491-195-2627,dbarlace8z@csmonitor.com,26145 Becker Plaza,4,1
525,Malek,Druci,354-934-4515,dmalek90@paginegialle.it,3 Brentwood Center,5,1
526,Burfoot,Sebastian,841-263-4572,sburfoot91@bizjournals.com,17780 Redwing Road,4,1
527,Cassy,Raynor,653-349-0316,rcassy92@nih.gov,3 Graceland Court,3,1
528,Drewell,Bobbette,853-661-6459,bdrewell93@bandcamp.com,57834 Barnett Road,2,1
529,MacRorie,Leontine,330-178-1281,lmacrorie94@merriam-webster.com,2 Crowley Parkway,4,1
530,Arnout,Randal,893-852-5361,rarnout95@senate.gov,1317 Kim Crossing,2,1
1,Scutchin,Cayla,401-454-0628,cscutchin0@aol.com,3 Scott Parkway,4,1
2,Wardesworth,Daryl,616-908-5407,dwardesworth1@posterous.com,1026 Kenwood Plaza,5,1
3,Beckey,Charmion,599-269-9299,cbeckey2@jalbum.net,53 La Follette Street,2,1
4,Escolme,Tiena,130-211-0826,tescolme3@free.fr,7939 Truax Road,4,1
5,Mowbury,Jolyn,467-767-2684,jmowbury4@reuters.com,1770 Randy Crossing,3,1
6,Cornbill,Savina,760-401-6357,scornbill5@google.cn,07853 Lillian Drive,3,1
7,Polo,Kristal,754-998-4951,kpolo6@paypal.com,22 Longview Terrace,1,1
8,Marron,Cristin,384-965-8396,cmarron7@1688.com,3 Northwestern Circle,2,1
9,Rosthorn,Broddie,255-664-3352,brosthorn8@go.com,884 Garrison Hill,1,1
10,Crinage,Rayna,451-857-3645,rcrinage9@ftc.gov,1509 Briar Crest Street,4,1
11,Kline,Hally,922-948-7755,hklinea@netvibes.com,0451 Truax Pass,4,1
12,Egdal,Desmond,515-109-7616,degdalb@fc2.com,38 Dwight Place,2,1
13,Cheater,Dennison,218-268-7506,dcheaterc@stanford.edu,556 Bonner Point,4,1
14,Deschelle,Aubrey,367-529-4460,adeschelled@spiegel.de,17828 Ridgeway Terrace,3,1
15,Capponer,Jacqueline,683-768-2411,jcapponere@irs.gov,7908 Sugar Pass,1,1
16,Guild,Ernesta,296-679-9094,eguildf@typepad.com,3 Butterfield Terrace,3,1
17,Baurerich,Merline,280-637-7800,mbaurerichg@usda.gov,9 Sunfield Pass,2,1
18,Jerrans,Costa,608-315-9391,cjerransh@weebly.com,697 Bellgrove Drive,5,1
19,McCole,Lani,573-356-4940,lmccolei@washington.edu,5 Thackeray Park,3,1
20,Kinglake,Tina,717-195-2578,tkinglakej@sohu.com,98587 Bultman Alley,3,1
21,Deware,Eldon,862-566-1459,edewarek@usgs.gov,43646 Park Meadow Lane,2,1
22,Drinkale,Cristin,987-198-8773,cdrinkalel@about.me,565 Dorton Alley,4,1
23,Boate,Melva,454-698-6373,mboatem@umich.edu,6990 Charing Cross Street,4,1
24,Fermer,Serene,894-107-4307,sfermern@irs.gov,543 Waywood Park,1,1
25,Merrigan,Benita,469-989-4258,bmerrigano@slate.com,536 Badeau Place,4,1
26,Plunket,Anett,564-903-0538,aplunketp@washingtonpost.com,743 Summer Ridge Center,1,1
27,Lamb,Gery,483-388-5803,glambq@topsy.com,31 Vidon Circle,4,1
28,Lalevee,Garnet,640-557-9006,glaleveer@imdb.com,632 Transport Crossing,5,1
29,Martynka,Muffin,228-389-4361,mmartynkas@nydailynews.com,5 Melody Trail,1,1
30,Rowdell,Tamqrah,651-895-7301,trowdellt@aol.com,30771 Eagan Road,2,1
31,Ickovits,Guy,361-855-9255,gickovitsu@spiegel.de,62461 Redwing Road,4,1
32,Watson-Brown,Alberta,284-176-9418,awatsonbrownv@loc.gov,37971 Miller Road,3,1
33,Stansbury,Brucie,429-671-8368,bstansburyw@census.gov,1932 Fisk Drive,3,1
34,Kelway,Lib,172-787-6821,lkelwayx@ed.gov,46 Anniversary Road,4,1
35,Castleman,Vivi,323-849-0519,vcastlemany@google.co.jp,04674 Shelley Road,1,1
36,Lamswood,Blondy,763-895-3878,blamswoodz@gizmodo.com,94387 American Road,5,1
37,Torald,Minerva,185-895-1886,mtorald10@weebly.com,37 Rusk Road,2,1
38,Smorthit,Stinky,713-718-3540,ssmorthit11@homestead.com,6 David Parkway,2,1
39,Forrester,Arthur,892-933-6528,aforrester12@nydailynews.com,6684 Harper Parkway,3,1
40,Scadding,Honoria,582-399-2724,hscadding13@purevolume.com,9 Dwight Court,3,1
41,Schulter,Cy,598-297-7640,cschulter14@indiatimes.com,97697 Glacier Hill Pass,5,1
42,Maltby,Latia,861-573-9003,lmaltby15@smh.com.au,4 Heath Center,4,1
43,McCreary,Jennine,421-196-2321,jmccreary16@yolasite.com,2 Kim Drive,4,1
44,MacRanald,Donn,315-419-8162,dmacranald17@va.gov,175 Dayton Park,1,1
45,Tipler,Shandra,346-665-7454,stipler18@washingtonpost.com,3906 Raven Alley,1,1
46,de Marco,Andra,312-227-0880,ademarco19@imageshack.us,1 Bonner Way,2,1
47,Loud,Alick,149-178-6317,aloud1a@ycombinator.com,5066 Canary Junction,4,1
48,Yeell,Stafani,818-359-1585,syeell1b@t-online.de,517 Lawn Street,1,1
49,Coils,Alma,211-331-8148,acoils1c@umich.edu,74250 Hoepker Road,4,1
50,Gibb,Fritz,519-475-7506,fgibb1d@economist.com,27567 Brickson Park Lane,3,1
51,Behne,Antonina,660-747-5514,abehne1e@state.tx.us,12 Meadow Valley Hill,1,1
52,Kervin,Alanna,880-504-3713,akervin1f@marketwatch.com,9520 Sutteridge Pass,2,1
53,Duddin,Johnna,925-306-1194,jduddin1g@1688.com,0 Stone Corner Drive,1,1
54,Jehan,Merrel,254-224-6557,mjehan1h@cmu.edu,0122 Veith Drive,4,1
55,Devas,Sancho,450-245-7499,sdevas1i@blinklist.com,9 Sachtjen Place,3,1
56,Constant,Parke,305-152-6547,pconstant1j@skype.com,26656 Evergreen Way,4,1
57,McNish,Sumner,294-445-6705,smcnish1k@washington.edu,100 Washington Hill,2,1
58,Brewer,Dotti,472-375-8864,dbrewer1l@t.co,2 Leroy Point,4,1
59,Fyfield,Garry,758-782-1998,gfyfield1m@netvibes.com,10 Gulseth Circle,3,1
60,Iacomini,Britte,959-630-9530,biacomini1n@sourceforge.net,37 Oriole Court,3,1
61,Butten,Heinrick,332-777-7011,hbutten1o@ameblo.jp,378 Commercial Parkway,2,1
62,Furmston,Tobe,318-202-2472,tfurmston1p@unicef.org,8 Nobel Parkway,3,1
63,Snibson,Cale,559-532-8711,csnibson1q@hatena.ne.jp,60 Graedel Pass,5,1
64,Quipp,Osborn,150-243-6442,oquipp1r@samsung.com,9 Chinook Center,3,1
65,Procter,Vivianna,760-242-5625,vprocter1s@wikipedia.org,7 Karstens Alley,3,1
66,Rousell,Mylo,847-489-7274,mrousell1t@thetimes.co.uk,1 New Castle Center,5,1
67,Scrowson,Rossie,423-316-2372,rscrowson1u@businesswire.com,72 Melody Place,5,1
68,Stening,Emmit,881-877-2980,estening1v@sohu.com,2858 Cherokee Street,1,1
69,Precious,Falkner,332-586-1036,fprecious1w@purevolume.com,7645 Mesta Circle,1,1
70,Pietrzyk,Hammad,481-646-9611,hpietrzyk1x@freewebs.com,166 La Follette Park,4,1
71,Niland,Jonah,314-471-6085,jniland1y@howstuffworks.com,00858 Lakeland Terrace,1,1
72,Rising,Bernadine,541-902-2612,brising1z@squarespace.com,3 Victoria Hill,5,1
73,Ratnege,Vinnie,322-963-3591,vratnege20@loc.gov,589 Blue Bill Park Point,5,1
74,MacCroary,Arlan,924-642-8553,amaccroary21@alexa.com,396 Portage Center,5,1
75,Drew,Joaquin,151-792-8414,jdrew22@bigcartel.com,073 Texas Way,4,1
76,Scutchings,Lesly,709-401-8607,lscutchings23@merriam-webster.com,293 Jay Parkway,1,1
77,Orfeur,Alejandro,187-300-9864,aorfeur24@amazonaws.com,9281 Lakewood Gardens Circle,4,1
78,Petriello,Byrle,941-294-2914,bpetriello25@diigo.com,9 Caliangt Plaza,2,1
79,Jancey,Courtney,248-624-1333,cjancey26@amazon.co.jp,392 Esch Park,1,1
80,Fielden,Lilllie,423-815-4420,lfielden27@tiny.cc,489 Meadow Vale Circle,2,1
81,Wanley,Steffane,173-454-0768,swanley28@indiegogo.com,1248 Eggendart Junction,5,1
82,Geyton,Llywellyn,693-863-3822,lgeyton29@linkedin.com,015 Hovde Street,4,1
83,Stodart,Allene,508-305-5361,astodart2a@timesonline.co.uk,37 Armistice Center,1,1
84,Bockh,Drusie,400-796-7409,dbockh2b@who.int,62362 Oak Parkway,5,1
85,Lanfranchi,Ardath,342-772-4661,alanfranchi2c@nba.com,1762 Fuller Lane,3,1
86,Halgarth,Casper,610-606-5481,chalgarth2d@webnode.com,2781 Golf Trail,1,1
87,Haldane,Neddy,123-844-0231,nhaldane2e@forbes.com,0041 Brentwood Park,5,1
88,Feldhorn,Hayley,487-836-9230,hfeldhorn2f@comsenz.com,19 Lighthouse Bay Point,5,1
89,Smerdon,Christa,417-540-4127,csmerdon2g@cnn.com,60531 Arapahoe Crossing,3,1
90,Sollime,Babita,450-848-6426,bsollime2h@weibo.com,17 Pepper Wood Street,1,1
91,Massot,Sheridan,115-508-6853,smassot2i@miitbeian.gov.cn,9498 Morrow Place,1,1
92,Turrill,Mellisa,622-670-0899,mturrill2j@t.co,51 Larry Lane,1,1
93,Flatman,Trumann,708-224-6368,tflatman2k@walmart.com,0 Muir Crossing,2,1
94,Revett,Worden,283-834-5466,wrevett2l@tumblr.com,558 Algoma Crossing,4,1
95,Biskup,Ronda,393-789-0667,rbiskup2m@latimes.com,22 Lakewood Gardens Hill,1,1
96,Campanelli,Ines,454-293-9848,icampanelli2n@mashable.com,4726 Michigan Street,3,1
97,Gathercole,Winona,832-448-2555,wgathercole2o@patch.com,09356 Service Place,5,1
98,Perello,Tessi,467-721-2241,tperello2p@prnewswire.com,3 Brown Parkway,3,1
99,Drogan,Allison,481-445-7760,adrogan2q@naver.com,1885 Arkansas Pass,2,1
100,Permain,Blake,407-186-5115,bpermain2r@1und1.de,31031 Corscot Hill,5,1
101,Vasichev,Deva,839-149-8065,dvasichev2s@boston.com,64 Sutteridge Junction,1,1
102,Bathurst,Jemimah,410-656-5416,jbathurst2t@noaa.gov,39348 Mockingbird Park,3,1
103,Perrot,Adara,970-509-5634,aperrot2u@utexas.edu,87 Redwing Trail,5,1
104,Bibby,Gard,741-257-0052,gbibby2v@stumbleupon.com,57 6th Hill,5,1
105,Ivy,Amabel,183-111-6176,aivy2w@csmonitor.com,30790 Myrtle Drive,3,1
106,Heazel,Abra,226-922-3131,aheazel2x@wikia.com,77 Commercial Circle,4,1
107,Mayhew,Daron,432-807-9921,dmayhew2y@myspace.com,0 Morning Parkway,4,1
108,Caville,Scott,799-667-1139,scaville2z@nydailynews.com,401 Dakota Junction,5,1
109,Nickoll,Evan,446-654-8832,enickoll30@vistaprint.com,02 Holy Cross Plaza,5,1
110,Maydway,Ruthann,129-500-6379,rmaydway31@mayoclinic.com,8 Bonner Plaza,5,1
111,Tudbald,Ailbert,367-778-7715,atudbald32@cdbaby.com,35 Graedel Drive,1,1
112,Feaster,Tabitha,720-325-0490,tfeaster33@timesonline.co.uk,78 Rigney Hill,1,1
113,Busswell,Rowena,913-929-2533,rbusswell34@infoseek.co.jp,4 Myrtle Lane,2,1
114,Sproson,Thomas,428-317-4656,tsproson35@123-reg.co.uk,7 Anthes Place,1,1
115,Tuplin,Orville,938-144-7650,otuplin36@freewebs.com,67034 Coolidge Trail,4,1
116,Camble,Daryl,933-839-0223,dcamble37@ft.com,1846 Iowa Plaza,1,1
117,Bremmer,Kinny,333-586-2420,kbremmer38@odnoklassniki.ru,1 Oakridge Avenue,2,1
118,Lis,Arthur,909-780-8326,alis39@skype.com,84 Mandrake Way,3,1
119,Bugg,Arabella,931-242-2695,abugg3a@paypal.com,835 Loftsgordon Alley,2,1
120,Worrall,Curt,705-611-7070,cworrall3b@ycombinator.com,02 Village Green Hill,2,1
121,Mullin,Raimund,632-952-7423,rmullin3c@eventbrite.com,634 Basil Road,4,1
122,Witten,Toni,484-312-3803,twitten3d@is.gd,4726 Oriole Street,4,1
123,De la Perrelle,Inglebert,310-750-9945,idelaperrelle3e@behance.net,722 Novick Parkway,4,1
124,Patridge,Aloysia,845-805-0600,apatridge3f@sfgate.com,3 Sachtjen Drive,2,1
125,Borwick,Filippa,262-590-0504,fborwick3g@nba.com,859 Sachs Hill,3,1
126,Gullis,Yankee,595-554-7842,ygullis3h@msu.edu,94 Twin Pines Way,4,1
127,Just,Minnnie,262-563-6768,mjust3i@bigcartel.com,60727 2nd Way,2,1
128,Adrian,Darrel,894-886-4334,dadrian3j@bloglines.com,82 Brentwood Park,3,1
129,Kornilyev,Mair,385-457-1529,mkornilyev3k@buzzfeed.com,310 Elmside Way,2,1
130,Foard,Ethel,404-413-7113,efoard3l@dailymotion.com,004 Sachtjen Terrace,2,1
131,Cookman,Sindee,288-625-0784,scookman3m@booking.com,744 Oak Road,2,1
132,Sneyd,Imelda,825-996-0357,isneyd3n@angelfire.com,57652 Roth Junction,1,1
133,Dietmar,Lorinda,673-930-4368,ldietmar3o@twitter.com,974 Helena Way,5,1
134,Vedyashkin,Dasya,445-105-8776,dvedyashkin3p@pagesperso-orange.fr,2795 Glendale Circle,2,1
135,Scotchmoor,Alphard,360-293-3371,ascotchmoor3q@loc.gov,55705 Nancy Center,3,1
136,Recke,Car,263-583-0392,crecke3r@live.com,2604 Hagan Pass,4,1
137,Dorward,Temp,669-860-9209,tdorward3s@reverbnation.com,0997 Granby Plaza,5,1
138,Coppen,Tilda,463-533-3735,tcoppen3t@alibaba.com,0 Pleasure Alley,2,1
139,Pauncefoot,Lenard,379-243-9928,lpauncefoot3u@flavors.me,9 Rusk Alley,4,1
140,Szwandt,Brooke,998-832-4139,bszwandt3v@auda.org.au,93273 Kinsman Place,5,1
141,Leamon,Pier,269-709-4830,pleamon3w@twitpic.com,24786 8th Plaza,1,1
142,Bruggen,Caz,337-110-6748,cbruggen3x@marriott.com,6331 Dunning Avenue,5,1
143,Chatelet,Alfons,938-689-4880,achatelet3y@a8.net,21 Nancy Plaza,2,1
144,Heugel,Ines,325-311-1354,iheugel3z@usatoday.com,9230 Prairie Rose Alley,1,1
145,Coddington,Anica,572-703-1447,acoddington40@oracle.com,4 Onsgard Way,3,1
146,Pound,Gabriellia,664-967-3219,gpound41@1688.com,997 Manley Parkway,4,1
147,Gandy,Sybyl,100-449-0108,sgandy42@alibaba.com,10 Warrior Terrace,4,1
148,Hay,Ogdon,667-353-7565,ohay43@lulu.com,8 Roxbury Point,4,1
149,Slark,Viviana,169-206-2389,vslark44@wufoo.com,78105 Lien Place,1,1
150,Ingerman,Janos,612-229-9790,jingerman45@weibo.com,71 Golf Course Avenue,3,1
151,Pringer,Seline,553-978-2361,springer46@wordpress.org,3 Dapin Terrace,5,1
152,Ruslin,Nadiya,601-788-3264,nruslin47@flickr.com,2303 Express Road,4,1
153,Comber,Ernest,211-286-0253,ecomber48@shutterfly.com,1 Clove Lane,3,1
154,Alu,Adam,704-371-6759,aalu49@nasa.gov,27139 Butterfield Hill,2,1
155,Bolton,Seana,503-107-0678,sbolton4a@yahoo.com,6 Russell Pass,1,1
156,Tooke,Amelie,466-279-0424,atooke4b@wiley.com,30 Sutherland Street,5,1
157,Kenwyn,Melisent,889-164-5810,mkenwyn4c@upenn.edu,29191 Del Mar Street,2,1
158,Gaskins,Wes,443-610-4897,wgaskins4d@acquirethisname.com,68760 8th Lane,3,1
159,MacDaid,Rhiamon,952-325-7327,rmacdaid4e@blogger.com,64381 Burning Wood Street,3,1
160,Coucha,Jelene,437-871-6573,jcoucha4f@soundcloud.com,4 Jackson Avenue,2,1
161,Durnill,Kacie,980-317-4991,kdurnill4g@sohu.com,97 Buell Place,3,1
162,MacCartair,Ellen,405-722-2891,emaccartair4h@google.nl,10 Heath Parkway,2,1
163,Frangleton,Brook,104-208-6033,bfrangleton4i@prweb.com,95930 Northview Street,4,1
164,Wildber,Lizette,706-221-0227,lwildber4j@abc.net.au,38392 Mosinee Terrace,3,1
165,Prettyman,Ali,615-126-7375,aprettyman4k@usnews.com,1291 Banding Point,1,1
166,Felten,Paxon,993-344-3710,pfelten4l@networkadvertising.org,7 Randy Trail,3,1
167,Pash,Ginger,607-191-2809,gpash4m@home.pl,21518 Buena Vista Way,3,1
168,Estcourt,Tod,291-875-5924,testcourt4n@cbc.ca,8469 Esch Court,4,1
169,MacRury,Ellette,573-823-3141,emacrury4o@pbs.org,34987 Loomis Terrace,4,1
170,Swiffin,Lesya,755-926-0634,lswiffin4p@pinterest.com,23 Gina Street,5,1
171,Dubble,Artemis,571-684-2302,adubble4q@google.ca,1 8th Way,1,1
172,Tyrer,Lonny,935-876-0611,ltyrer4r@pen.io,3 Mockingbird Pass,3,1
173,Wing,Rusty,275-495-6200,rwing4s@ucoz.ru,0 Erie Terrace,5,1
174,Armall,El,118-791-5877,earmall4t@etsy.com,02 Summit Road,4,1
175,Elcomb,Job,721-842-5556,jelcomb4u@desdev.cn,816 Anthes Trail,4,1
176,Lamplough,Hesther,727-151-1807,hlamplough4v@zdnet.com,11970 South Pass,4,1
177,Barritt,Kira,891-221-4032,kbarritt4w@va.gov,6884 Dunning Center,3,1
178,Rickerby,Gabriele,301-570-2873,grickerby4x@mysql.com,7 Huxley Circle,5,1
179,McKeeman,Galina,823-967-2789,gmckeeman4y@clickbank.net,9093 Burrows Place,3,1
180,Hurich,Markos,203-679-6336,mhurich4z@blogtalkradio.com,21182 5th Point,1,1
181,Gerleit,Alie,635-686-8988,agerleit50@bluehost.com,6 Manley Hill,5,1
182,Greeding,Rodolfo,510-677-2670,rgreeding51@loc.gov,2 Golden Leaf Circle,4,1
183,Bosward,Korney,392-665-0813,kbosward52@latimes.com,5477 Helena Crossing,5,1
184,Troy,Kyle,706-396-2604,ktroy53@godaddy.com,19053 Beilfuss Junction,1,1
185,Geelan,Alexander,259-940-5903,ageelan54@icq.com,46 West Alley,5,1
186,Keyme,Far,381-810-1538,fkeyme55@4shared.com,5273 Red Cloud Terrace,4,1
187,Roo,Idette,813-762-3751,iroo56@multiply.com,1 Hallows Street,4,1
188,Eberdt,Halley,275-194-8729,heberdt57@webnode.com,002 Troy Street,2,1
189,Firman,Zaneta,493-828-8428,zfirman58@freewebs.com,9 Utah Terrace,5,1
190,Gonzalez,Josias,850-383-5037,jgonzalez59@cisco.com,97706 Tomscot Park,2,1
191,Conn,Bat,124-755-2792,bconn5a@europa.eu,8108 Maple Wood Hill,2,1
192,Yewdall,Vivi,677-484-8155,vyewdall5b@hatena.ne.jp,29 Sugar Junction,3,1
193,McCarthy,Ginny,794-863-9399,gmccarthy5c@cam.ac.uk,44730 Graceland Terrace,2,1
194,Goor,Cybil,957-353-3364,cgoor5d@disqus.com,2 Ryan Park,4,1
195,Sharvell,Jermaine,227-706-1152,jsharvell5e@icq.com,71 Graedel Lane,5,1
196,Camplin,Durward,976-497-8388,dcamplin5f@miibeian.gov.cn,1651 Londonderry Plaza,5,1
197,Wogden,Ravid,574-257-2122,rwogden5g@exblog.jp,5147 Sloan Way,4,1
198,De Francisci,Glendon,242-240-1710,gdefrancisci5h@apache.org,4 Menomonie Junction,3,1
199,Creech,Tina,615-764-6136,tcreech5i@so-net.ne.jp,846 Cordelia Drive,2,1
200,Cathee,Lucina,159-216-4281,lcathee5j@themeforest.net,8 Dovetail Junction,1,1
